id;street_address;postal_code;city;state_province
1;Ingeniería Programa;Samoa program Francia;Linares Santiagofort;Ladrillo China
2;infraestructura Heredado generating;Gerente;Alcorcón Ariadnaburgh;Gold harness
3;neural;e-commerce Re-contextualizado Normas;Benalmádena Juan Carlosfort;Hogar
4;Gris;SCSI;Ciudad Real Ignaciomouth;Fuerte Música
5;17(E.U.A.-17) Hormigon Vanuatu;analista;St. Louis;extend groupware Cambridgeshire
6;Ergonómico cutting-edge;compelling Bricolaje;Julioton;Director mobile
7;infomediaries Alemania Guapo;Cataluña JBOD;María Soledadchester;Cine Bacon
8;Guapo Adelante;connect Bricolaje Seguro;Gandía Hugoland;blockchains
9;Guapa Marruecos synthesize;digital withdrawal;Montoyabury;IB
10;Parcela;utilización Edificio;Warner Robins;Bhutanese extensible
